duration,protocol_type,service,flag,src_bytes,dst_bytes,label
33,tcp,ssh,SF,815,470,normal.
41,icmp,http,S0,988,831,normal.
5,udp,ssh,S0,852,143,normal.
9,icmp,http,SF,92,532,normal.
44,tcp,ftp,S0,673,470,normal.
27,tcp,ssh,S1,258,944,normal.
2,udp,http,S1,360,284,normal.
20,icmp,http,S0,8,634,normal.
34,udp,http,S1,849,781,normal.
27,tcp,ssh,S0,332,190,normal.
5,icmp,http,S0,950,888,normal.
33,icmp,ftp,S1,499,118,normal.
5,udp,ftp,SF,278,969,normal.
52,icmp,ftp,S0,585,885,normal.
33,icmp,ssh,S1,870,236,normal.
26,icmp,ftp,SF,640,800,normal.
4,icmp,ssh,S0,221,870,normal.
42,tcp,ftp,S1,566,507,normal.
44,icmp,ftp,S1,261,402,normal.
25,icmp,http,S0,138,715,normal.
26,icmp,http,SF,441,543,normal.
40,udp,http,SF,785,76,normal.
6,icmp,ssh,S0,114,498,normal.
2,tcp,ssh,S0,2,720,normal.
9,udp,ftp,SF,964,932,normal.
54,tcp,ssh,SF,382,716,normal.
53,tcp,ftp,S1,416,255,normal.
7,tcp,http,S0,139,554,normal.
24,tcp,ftp,S1,713,824,normal.
48,tcp,http,S1,279,501,normal.
30,udp,ftp,S0,792,674,normal.
38,udp,http,SF,150,128,normal.
32,icmp,ftp,S1,698,496,normal.
26,icmp,ftp,S1,293,809,normal.
56,udp,ftp,SF,745,838,normal.
41,icmp,ssh,S1,115,462,normal.
1,udp,ssh,S1,531,358,normal.
30,tcp,http,S0,883,224,normal.
19,icmp,ftp,SF,886,106,normal.
11,icmp,ssh,S1,736,716,normal.
38,tcp,ssh,S0,293,806,normal.
38,tcp,http,S0,322,987,normal.
47,icmp,ssh,S0,649,678,normal.
27,tcp,ftp,S1,502,98,normal.
49,tcp,http,SF,99,83,normal.
59,icmp,http,S1,48,687,normal.
56,tcp,http,S1,319,184,normal.
7,icmp,ftp,S1,723,701,normal.
54,icmp,ftp,SF,187,796,normal.
26,tcp,http,S1,603,803,normal.
12,icmp,ftp,S0,420,208,normal.
51,icmp,ftp,SF,185,454,normal.
3,icmp,ssh,SF,867,240,normal.
57,tcp,ftp,SF,446,68,normal.
22,tcp,ssh,SF,924,435,normal.
32,icmp,ssh,S0,798,372,normal.
21,udp,http,SF,298,834,normal.
47,udp,ftp,S1,659,509,normal.
8,icmp,ssh,S1,265,818,normal.
37,tcp,http,S0,73,324,normal.
24,tcp,ssh,S0,474,122,normal.
39,tcp,http,SF,239,513,normal.
5,tcp,ftp,S0,148,804,normal.
47,tcp,ssh,S0,703,36,normal.
50,icmp,ftp,SF,697,259,normal.
10,icmp,http,S0,536,949,normal.
37,tcp,ftp,S1,288,880,normal.
9,udp,ssh,S0,493,656,normal.
34,icmp,http,S0,544,70,normal.
37,icmp,ftp,S0,905,891,normal.
16,tcp,ssh,SF,662,961,normal.
36,icmp,ftp,S0,334,844,normal.
11,udp,ssh,S0,44,263,normal.
50,icmp,ftp,SF,765,905,normal.
42,udp,http,SF,230,581,normal.
54,udp,ftp,S0,293,597,normal.
13,icmp,ftp,S0,742,211,normal.
22,icmp,ssh,SF,968,895,normal.
43,icmp,ftp,S0,902,319,normal.
24,tcp,ssh,S1,933,98,normal.
50,udp,http,SF,845,215,normal.
45,udp,http,S1,189,427,normal.
48,tcp,ssh,SF,756,455,normal.
49,udp,http,S0,379,169,normal.
0,udp,ssh,SF,221,528,normal.
35,udp,ssh,S0,174,60,normal.
53,udp,ftp,S1,351,613,normal.
36,icmp,http,SF,466,710,normal.
2,tcp,ftp,S1,899,205,normal.
57,icmp,ssh,S1,304,346,normal.
56,udp,ftp,S0,452,650,normal.
30,udp,ssh,S0,824,538,normal.
23,udp,ftp,S0,787,6,normal.
25,udp,ftp,S0,891,665,normal.
39,icmp,ftp,S0,384,236,normal.
48,icmp,http,S1,399,586,normal.
40,icmp,ftp,SF,726,440,normal.
4,tcp,ftp,S0,155,124,normal.
30,tcp,ssh,S1,630,203,normal.
12,icmp,ftp,SF,105,928,normal.
44,udp,http,S0,971,196,normal.
26,icmp,ftp,S1,992,879,normal.
9,icmp,ftp,S1,784,277,normal.
36,tcp,ftp,SF,356,125,normal.
52,udp,http,SF,408,319,normal.
37,icmp,http,SF,780,268,normal.
59,udp,http,SF,154,390,normal.
38,icmp,http,SF,570,527,normal.
33,tcp,ssh,S0,239,571,normal.
32,tcp,ssh,S1,67,313,normal.
2,icmp,http,SF,6,906,normal.
11,tcp,ftp,S1,76,501,normal.
16,udp,ftp,S1,837,75,normal.
9,icmp,ftp,S1,610,491,normal.
6,icmp,http,S1,557,295,normal.
31,icmp,ftp,SF,391,952,normal.
43,tcp,ftp,S0,943,705,normal.
36,udp,http,SF,917,29,normal.
35,tcp,ssh,S0,584,884,normal.
32,tcp,ssh,S1,612,626,normal.
25,udp,http,SF,826,44,normal.
40,udp,ftp,S0,690,223,normal.
51,udp,ssh,S0,724,334,normal.
56,udp,ftp,S0,563,641,normal.
43,udp,ftp,S1,433,561,normal.
25,udp,ssh,S0,188,53,normal.
19,icmp,ftp,S0,108,346,normal.
16,icmp,ftp,S1,721,757,normal.
59,icmp,ssh,SF,445,554,normal.
56,tcp,http,S0,905,998,normal.
25,tcp,http,S0,872,214,normal.
48,udp,ssh,SF,495,666,normal.
57,icmp,http,S0,286,416,normal.
42,icmp,http,SF,648,422,normal.
55,tcp,ftp,SF,842,952,normal.
32,udp,ssh,S0,785,79,normal.
1,tcp,ssh,S0,644,350,normal.
57,tcp,ftp,S1,925,456,normal.
35,udp,http,SF,257,127,normal.
16,icmp,http,S1,924,884,normal.
6,icmp,http,SF,782,506,normal.
33,icmp,http,SF,583,327,normal.
48,udp,ssh,S1,591,602,normal.
51,tcp,http,S1,143,719,normal.
52,tcp,http,S0,299,876,normal.
25,udp,ftp,S0,848,98,normal.
10,udp,ftp,SF,10,743,normal.
7,udp,ssh,S0,347,464,normal.
38,tcp,ssh,SF,979,142,normal.
57,udp,ssh,SF,473,859,normal.
48,tcp,http,S0,548,230,normal.
46,icmp,ftp,S1,639,447,normal.
12,udp,ftp,SF,788,828,normal.
14,udp,ftp,S1,852,888,normal.
7,tcp,ftp,S1,750,298,normal.
7,icmp,http,SF,94,191,normal.
10,udp,http,S0,15,533,normal.
28,tcp,ssh,S0,851,22,normal.
29,tcp,ftp,S1,858,883,normal.
51,tcp,ftp,S0,945,917,normal.
25,tcp,http,S1,226,443,normal.
8,icmp,http,SF,745,314,normal.
46,icmp,http,S0,689,482,normal.
0,udp,ssh,SF,564,376,normal.
23,udp,ftp,SF,329,181,normal.
14,udp,ssh,SF,985,827,normal.
12,tcp,ftp,S1,592,245,normal.
13,icmp,http,S1,936,460,normal.
50,udp,http,S1,557,890,normal.
25,icmp,http,S1,719,453,normal.
0,icmp,ssh,S1,274,121,normal.
42,udp,http,S1,585,367,normal.
59,tcp,http,S0,12,195,normal.
31,udp,http,S1,599,952,normal.
28,udp,ftp,S0,631,385,normal.
29,tcp,ftp,S1,158,750,normal.
46,icmp,http,SF,353,646,normal.
38,udp,ftp,S1,176,346,normal.
6,tcp,ssh,SF,844,831,normal.
12,tcp,http,SF,269,239,normal.
57,icmp,ssh,SF,167,192,normal.
20,icmp,http,S0,33,755,normal.
48,tcp,ftp,SF,623,624,normal.
11,icmp,ssh,S0,630,578,normal.
20,icmp,ftp,S1,27,515,normal.
53,tcp,ssh,S0,295,131,normal.
49,icmp,ssh,S0,874,394,normal.
17,tcp,http,S1,409,441,normal.
43,tcp,http,S1,668,193,normal.
5,tcp,ftp,SF,836,292,normal.
0,tcp,http,SF,777,881,normal.
45,udp,http,S1,209,37,normal.
58,tcp,http,S0,964,652,normal.
8,tcp,ftp,S0,774,38,normal.
44,tcp,http,S0,96,615,normal.
25,udp,http,S0,753,386,normal.
39,udp,ftp,SF,312,206,normal.
26,tcp,ssh,SF,393,639,normal.
2,icmp,ftp,S0,695,695,normal.
33,udp,http,S0,570,465,normal.
46,udp,ftp,S1,602,902,normal.
45,icmp,ftp,SF,413,862,normal.
24,tcp,http,S1,155,119,normal.
54,icmp,http,SF,657,843,normal.
11,icmp,http,SF,521,924,normal.
47,udp,ssh,S0,0,26,normal.
58,icmp,ssh,SF,744,808,normal.
30,tcp,ssh,S1,524,143,normal.
55,udp,ftp,SF,222,921,normal.
10,icmp,ftp,SF,502,618,normal.
52,icmp,http,SF,547,611,normal.
0,tcp,ssh,SF,316,599,normal.
55,tcp,ftp,S0,818,645,normal.
26,udp,ssh,S0,346,107,normal.
4,icmp,http,SF,727,796,normal.
25,udp,ssh,S1,128,293,normal.
45,tcp,ssh,SF,380,407,normal.
6,udp,http,SF,949,155,normal.
7,icmp,ftp,S1,529,437,normal.
11,udp,ftp,SF,395,102,normal.
59,tcp,http,S1,193,380,normal.
38,icmp,ssh,S1,872,541,normal.
11,icmp,http,SF,826,527,normal.
6,udp,ssh,S0,409,764,normal.
39,icmp,ftp,S1,668,715,normal.
48,icmp,http,SF,122,642,normal.
58,icmp,http,S0,55,56,normal.
27,udp,http,S0,292,871,normal.
13,tcp,ssh,S1,910,547,normal.
11,tcp,http,SF,955,908,normal.
27,icmp,ssh,SF,651,661,normal.
56,tcp,ftp,SF,340,70,normal.
19,udp,ftp,SF,183,766,normal.
46,icmp,ftp,SF,587,876,normal.
40,udp,ssh,SF,89,828,normal.
35,icmp,ssh,S1,623,590,normal.
15,udp,http,S0,936,294,normal.
40,udp,ftp,S0,80,198,normal.
57,udp,ssh,S0,824,721,normal.
15,udp,http,S0,995,13,normal.
39,tcp,ftp,S1,451,408,normal.
9,tcp,http,S1,865,340,normal.
54,udp,http,SF,878,572,normal.
58,tcp,http,S1,50,79,normal.
19,icmp,http,S0,228,959,normal.
16,udp,ssh,SF,147,436,normal.
26,udp,http,S1,682,443,normal.
24,udp,ssh,S1,439,661,normal.
8,icmp,ftp,SF,725,404,normal.
0,udp,ftp,S0,686,640,normal.
7,tcp,http,S1,352,497,normal.
44,udp,ftp,S1,914,100,normal.
7,icmp,ftp,SF,675,176,normal.
35,udp,http,S0,874,317,normal.
19,tcp,ssh,SF,810,630,normal.
1,udp,http,S1,797,116,normal.
55,icmp,ssh,S1,432,102,normal.
26,udp,ftp,S1,228,440,normal.
25,udp,http,S0,44,546,normal.
40,tcp,ssh,SF,123,781,normal.
13,tcp,ftp,S1,559,444,normal.
25,udp,ssh,S1,823,55,normal.
12,icmp,ssh,SF,300,619,normal.
25,icmp,ssh,S1,514,220,normal.
47,tcp,http,S0,69,412,normal.
46,udp,http,S0,635,967,normal.
2,icmp,ftp,S1,903,382,normal.
33,udp,http,S1,264,362,normal.
48,icmp,ssh,S0,399,870,normal.
30,tcp,http,SF,948,989,normal.
0,udp,http,SF,713,439,normal.
27,icmp,ssh,S0,802,63,normal.
1,udp,ftp,S1,715,676,normal.
39,tcp,ftp,SF,533,584,normal.
14,tcp,ftp,S0,829,649,normal.
53,udp,ftp,SF,700,978,normal.
49,udp,ssh,SF,86,290,normal.
57,tcp,ssh,SF,611,80,normal.
35,icmp,http,S0,294,838,normal.
21,tcp,http,S1,565,304,normal.
50,tcp,http,S1,356,275,normal.
19,tcp,http,S0,280,875,normal.
53,tcp,ssh,S1,954,281,normal.
58,udp,http,SF,7,603,normal.
11,tcp,ftp,S0,492,498,normal.
32,udp,ssh,SF,577,243,normal.
37,icmp,ssh,S1,420,97,normal.
32,udp,ssh,SF,700,929,normal.
19,icmp,ssh,SF,335,725,normal.
0,icmp,ssh,S0,192,607,normal.
2,icmp,http,S0,554,758,normal.
24,icmp,ftp,S1,982,560,normal.
25,icmp,ftp,S1,681,249,normal.
3,icmp,ssh,S0,509,67,normal.
20,udp,ssh,S1,297,800,normal.
4,tcp,ssh,S1,600,134,normal.
13,icmp,ftp,S1,2,908,normal.
4,udp,ftp,S0,153,307,normal.
50,udp,http,S1,648,623,normal.
1,icmp,ssh,S1,945,741,normal.
4,icmp,http,SF,343,759,normal.
16,icmp,http,S1,790,140,normal.
10,icmp,ssh,SF,847,276,normal.
54,icmp,ftp,SF,971,461,normal.
33,udp,ftp,SF,400,877,normal.
45,icmp,http,S0,791,707,normal.
22,udp,ftp,S0,476,55,normal.
20,udp,http,SF,734,541,normal.
1,icmp,ssh,S0,438,372,normal.
24,icmp,ftp,SF,350,200,normal.
7,udp,ssh,S0,128,549,normal.
12,udp,ftp,S1,566,507,normal.
22,tcp,ssh,SF,924,922,normal.
43,tcp,ftp,S0,195,784,normal.
2,udp,http,S1,546,434,normal.
49,icmp,http,S1,414,835,normal.
7,tcp,http,S1,365,121,normal.
43,tcp,http,S0,573,238,normal.
51,tcp,ssh,S0,773,967,normal.
8,tcp,ftp,SF,258,518,normal.
53,tcp,ssh,S1,480,220,normal.
32,tcp,http,S1,886,863,normal.
36,tcp,http,S0,708,6,normal.
50,udp,ssh,S1,124,341,normal.
34,icmp,ssh,S1,87,979,normal.
1,tcp,ftp,SF,913,346,normal.
33,icmp,http,SF,190,234,normal.
49,udp,ftp,SF,670,867,normal.
29,tcp,ssh,S1,826,987,normal.
42,icmp,ftp,SF,59,937,normal.
11,icmp,http,SF,195,814,normal.
37,icmp,ftp,S1,667,809,normal.
12,icmp,ssh,SF,185,366,normal.
38,tcp,ssh,S0,958,454,normal.
41,icmp,ssh,S0,283,625,normal.
42,tcp,ssh,SF,951,647,normal.
20,tcp,http,SF,409,736,normal.
57,tcp,ssh,S0,360,764,normal.
25,tcp,ftp,S0,263,917,normal.
2,tcp,ftp,SF,350,814,normal.
39,udp,http,SF,411,127,normal.
13,udp,http,S0,239,192,normal.
46,udp,ssh,SF,0,693,normal.
58,udp,http,S0,425,335,normal.
7,tcp,ssh,SF,18,438,normal.
20,udp,http,S1,247,591,normal.
19,udp,ftp,S1,196,234,normal.
8,icmp,ssh,S1,434,351,normal.
26,icmp,http,S0,97,640,normal.
6,icmp,http,S1,565,429,normal.
22,udp,ftp,S0,35,653,normal.
1,udp,ssh,S1,153,801,normal.
33,icmp,http,S1,345,63,normal.
25,tcp,http,S1,596,61,normal.
28,udp,http,SF,854,297,normal.
15,tcp,http,S0,480,762,normal.
59,tcp,ssh,S0,696,592,normal.
39,tcp,http,SF,177,166,normal.
56,tcp,ssh,S0,737,982,normal.
42,tcp,ftp,S1,534,972,normal.
35,icmp,http,SF,476,501,normal.
9,icmp,http,S1,918,584,normal.
11,udp,ssh,S1,103,791,normal.
7,tcp,ftp,S0,480,600,normal.
24,udp,http,SF,742,167,normal.
5,tcp,ftp,S1,927,932,normal.
39,icmp,ftp,S0,698,590,normal.
31,icmp,ftp,S0,97,681,normal.
26,udp,http,SF,585,848,normal.
1,udp,ssh,S1,801,736,normal.
44,tcp,http,SF,467,541,normal.
46,udp,http,S0,657,775,normal.
34,tcp,ssh,S1,48,199,normal.
18,icmp,ssh,S0,161,719,normal.
49,tcp,ftp,SF,145,773,normal.
46,icmp,ssh,SF,869,658,normal.
53,icmp,http,SF,145,541,normal.
31,icmp,ftp,S0,247,154,normal.
31,tcp,ssh,S1,314,797,normal.
50,icmp,ftp,S0,199,751,normal.
11,udp,http,S0,604,453,normal.
37,udp,http,SF,879,952,normal.
45,udp,ssh,S1,257,89,normal.
30,tcp,ftp,SF,466,38,normal.
12,icmp,ftp,S1,619,989,normal.
38,tcp,ftp,SF,340,448,normal.
16,tcp,http,S0,738,278,normal.
10,icmp,http,SF,931,239,normal.
29,udp,ssh,SF,319,496,normal.
42,tcp,ssh,S1,464,282,normal.
10,udp,ftp,S0,395,27,normal.
12,udp,ssh,S0,504,557,normal.
42,tcp,ssh,S1,358,966,normal.
4,icmp,ftp,SF,446,631,normal.
50,tcp,http,SF,716,74,normal.
45,icmp,ssh,S0,764,569,normal.
38,icmp,http,SF,449,735,normal.
33,icmp,ftp,S1,60,952,normal.
26,udp,ssh,SF,965,540,normal.
21,icmp,ftp,S0,844,796,normal.
34,tcp,http,SF,245,205,normal.
27,udp,http,SF,931,585,normal.
34,udp,ftp,SF,941,37,normal.
56,udp,ftp,SF,29,493,normal.
26,tcp,ssh,S1,160,392,normal.
34,udp,http,S1,147,300,normal.
36,icmp,ftp,SF,112,426,normal.
37,tcp,ssh,SF,729,326,normal.
12,icmp,ftp,SF,819,683,normal.
53,icmp,ssh,S0,364,904,normal.
57,tcp,ssh,S0,351,428,normal.
47,tcp,ftp,S1,510,657,normal.
41,tcp,ftp,S1,999,752,normal.
33,tcp,ftp,SF,951,173,normal.
45,icmp,ftp,S0,221,307,normal.
32,udp,http,SF,197,817,normal.
39,udp,ssh,S1,287,844,normal.
16,udp,ssh,S0,263,157,normal.
29,udp,ftp,S1,739,111,normal.
3,udp,ftp,S0,134,247,normal.
59,udp,ssh,S1,508,338,normal.
43,icmp,ssh,S1,431,398,normal.
28,tcp,ssh,S1,765,320,normal.
58,udp,ftp,S1,812,159,normal.
21,tcp,http,SF,585,683,normal.
52,udp,ssh,S0,902,788,normal.
0,icmp,http,S1,784,548,normal.
20,icmp,ftp,S0,447,643,normal.
54,icmp,ssh,SF,531,980,normal.
57,udp,ssh,S1,621,87,normal.
32,tcp,ftp,SF,220,930,normal.
38,udp,http,S1,960,959,normal.
2,tcp,http,S1,129,58,normal.
37,tcp,http,S0,354,259,normal.
50,udp,http,SF,29,697,normal.
53,udp,http,S0,416,327,normal.
32,icmp,http,SF,10,960,normal.
17,tcp,ssh,S1,53,268,normal.
6,tcp,http,S0,512,586,normal.
58,tcp,ftp,S0,146,269,normal.
22,icmp,ssh,S1,900,826,normal.
21,icmp,ftp,SF,596,983,normal.
17,udp,http,S1,369,223,normal.
31,icmp,ftp,S0,10,883,normal.
24,tcp,http,S0,790,293,normal.
13,icmp,ssh,S1,644,573,normal.
33,udp,ftp,SF,589,818,normal.
11,tcp,http,SF,39,392,normal.
49,icmp,http,S0,646,869,normal.
13,udp,ftp,SF,711,313,normal.
56,tcp,http,S1,971,609,normal.
59,tcp,ftp,SF,869,271,normal.
45,udp,http,S1,476,498,normal.
31,tcp,ssh,S0,718,562,normal.
13,tcp,ftp,S1,104,594,normal.
43,udp,ssh,S0,706,160,normal.
20,icmp,ssh,S0,165,440,normal.
20,udp,ssh,S1,729,956,normal.
11,udp,http,SF,501,827,normal.
21,udp,http,SF,267,142,normal.
51,tcp,ssh,S1,63,222,normal.
51,tcp,ssh,S1,679,583,normal.
19,tcp,http,S0,134,375,normal.
22,tcp,ftp,S1,643,413,normal.
58,udp,ftp,S1,194,177,normal.
34,icmp,ssh,S1,634,178,normal.
2,udp,ssh,S1,33,498,normal.
16,udp,ftp,S1,739,584,normal.
52,udp,ssh,S1,326,824,normal.
27,udp,http,SF,382,621,normal.
38,icmp,ssh,S0,514,704,normal.
30,tcp,ftp,S1,802,416,normal.
31,tcp,http,SF,176,999,normal.
5,udp,ftp,S0,686,751,normal.
56,icmp,ssh,S0,880,804,normal.
0,icmp,http,SF,130,168,normal.
27,icmp,ftp,S0,16,118,normal.
50,tcp,ssh,SF,592,993,normal.
42,udp,ssh,S0,962,925,normal.
23,icmp,ftp,S0,385,687,normal.
5,tcp,http,SF,634,997,normal.
13,tcp,ssh,S0,564,607,normal.
28,tcp,http,SF,668,858,normal.
33,icmp,ftp,SF,776,745,normal.
0,udp,ssh,S1,249,342,normal.
9,tcp,ftp,SF,456,858,normal.
29,tcp,ftp,S1,294,865,normal.
18,icmp,ssh,SF,549,658,normal.
51,tcp,http,S0,182,768,normal.
57,icmp,ssh,S0,692,9,normal.
27,tcp,ftp,S1,21,156,normal.
13,udp,http,S0,261,20,normal.
53,icmp,ssh,S1,558,545,normal.
56,icmp,ftp,S0,650,881,normal.
21,tcp,http,S1,171,406,normal.
1,tcp,ssh,S0,669,324,normal.
2,icmp,ssh,S1,496,203,normal.
48,tcp,ftp,S0,27,179,normal.
37,icmp,http,S1,576,805,normal.
38,udp,http,SF,247,490,normal.
57,tcp,ftp,SF,504,632,normal.
18,tcp,ssh,S1,64,153,normal.
52,udp,http,S0,224,5,normal.
23,tcp,ftp,SF,394,490,normal.
21,tcp,ftp,S0,62,990,normal.
52,icmp,http,S1,49,230,normal.
0,udp,ssh,SF,235,212,normal.
38,udp,ftp,SF,52,755,normal.
40,tcp,http,S0,387,741,normal.
4,udp,ssh,SF,137,661,normal.
55,tcp,http,SF,277,530,normal.
45,udp,ftp,S1,831,261,normal.
41,udp,http,SF,136,522,normal.
53,udp,ssh,SF,914,212,normal.
2,icmp,ftp,S0,506,17,normal.
46,tcp,ftp,S0,664,445,normal.
49,icmp,http,S1,644,818,normal.
13,icmp,ftp,S1,605,909,normal.
28,udp,ssh,S1,427,287,normal.
8,udp,ssh,SF,751,448,normal.
40,icmp,http,S1,527,703,normal.
42,icmp,ssh,S0,8,255,normal.
16,icmp,ssh,S0,181,41,normal.
28,udp,ssh,SF,46,841,normal.
38,icmp,http,S0,155,487,normal.
49,tcp,ftp,SF,135,223,normal.
21,tcp,ssh,SF,7,478,normal.
5,udp,ftp,S0,594,555,normal.
35,icmp,ssh,S0,117,685,normal.
10,icmp,http,SF,569,126,normal.
27,icmp,ftp,SF,851,574,normal.
8,icmp,http,S1,154,966,normal.
39,udp,ssh,SF,854,67,normal.
20,udp,ssh,S1,22,554,normal.
7,tcp,ftp,S1,97,72,normal.
2,icmp,http,S0,174,559,normal.
14,icmp,http,SF,642,733,normal.
23,icmp,ftp,SF,898,738,normal.
26,icmp,ftp,S1,918,969,normal.
58,icmp,ftp,SF,732,715,normal.
18,udp,http,SF,802,776,normal.
34,tcp,ssh,SF,623,420,normal.
50,tcp,ftp,S0,848,127,normal.
34,udp,ftp,S1,288,514,normal.
24,udp,http,S1,918,924,normal.
50,udp,ssh,S1,793,807,normal.
54,tcp,ssh,S1,164,111,normal.
18,udp,ftp,S1,240,792,normal.
17,icmp,http,S1,445,328,normal.
15,icmp,ssh,SF,7,438,normal.
2,tcp,ssh,SF,683,887,normal.
37,tcp,ssh,SF,355,805,normal.
40,icmp,http,SF,100,387,normal.
34,icmp,ssh,S0,588,155,normal.
11,udp,http,S1,833,757,normal.
28,tcp,ssh,S0,33,72,normal.
43,tcp,ftp,S0,580,726,normal.
48,icmp,http,S1,757,543,normal.
23,tcp,ssh,SF,26,421,normal.
43,icmp,ftp,S0,138,283,normal.
10,icmp,ssh,SF,604,923,normal.
49,udp,http,S1,466,666,normal.
45,tcp,ftp,SF,207,142,normal.
45,udp,http,S1,228,33,normal.
36,tcp,ftp,SF,112,991,normal.
21,udp,ssh,S1,462,948,normal.
28,udp,ftp,SF,47,227,normal.
29,icmp,ssh,SF,84,488,normal.
25,tcp,http,S0,983,840,normal.
40,udp,http,S1,727,427,normal.
2,tcp,ftp,SF,128,605,normal.
31,udp,ftp,S0,531,246,normal.
22,icmp,ssh,S0,522,730,normal.
25,icmp,ssh,S0,581,129,normal.
57,tcp,http,SF,329,255,normal.
16,tcp,ssh,S0,748,4,normal.
48,icmp,ftp,S0,563,854,normal.
55,icmp,ftp,S0,828,556,normal.
52,udp,http,SF,719,15,normal.
22,icmp,http,SF,506,652,normal.
36,udp,ftp,SF,288,431,normal.
47,icmp,http,S0,268,505,normal.
39,udp,http,S1,933,834,normal.
43,udp,ftp,SF,799,135,normal.
4,icmp,http,S0,766,485,normal.
43,udp,ftp,S1,366,470,normal.
28,icmp,http,S0,886,837,normal.
53,udp,ssh,S0,339,69,normal.
0,udp,ssh,SF,723,106,normal.
51,udp,ftp,S1,266,998,normal.
53,udp,ssh,SF,141,740,normal.
8,udp,ssh,SF,874,972,normal.
12,tcp,ssh,S0,621,75,normal.
1,udp,http,S0,364,324,normal.
12,tcp,ftp,S1,628,893,normal.
34,udp,http,S1,375,623,normal.
32,tcp,ssh,S1,540,367,normal.
50,icmp,ssh,S1,74,953,normal.
10,tcp,ftp,SF,934,271,normal.
15,tcp,ssh,SF,922,112,normal.
45,icmp,http,S0,635,727,normal.
42,tcp,http,S0,530,185,normal.
34,icmp,http,SF,319,254,normal.
33,udp,ssh,S1,251,795,normal.
50,tcp,ssh,S0,620,701,normal.
49,icmp,http,S0,203,826,normal.
19,icmp,ssh,SF,298,320,normal.
54,tcp,ftp,S1,624,109,normal.
7,tcp,ftp,SF,162,174,normal.
19,udp,http,SF,339,758,normal.
46,udp,ftp,S0,891,90,normal.
54,udp,ftp,S0,988,165,normal.
3,icmp,http,S0,505,460,normal.
20,udp,ssh,S1,313,91,normal.
14,icmp,ssh,S1,215,615,normal.
39,tcp,ftp,SF,779,411,normal.
48,udp,http,SF,390,215,normal.
16,tcp,ssh,SF,696,448,normal.
57,udp,ssh,SF,57,118,normal.
15,tcp,ftp,S1,542,771,normal.
29,icmp,http,S0,452,435,normal.
21,udp,http,SF,523,493,normal.
27,tcp,ssh,S1,493,665,normal.
34,tcp,ssh,S0,32,351,normal.
25,icmp,ftp,S0,409,920,normal.
37,udp,ssh,S1,755,619,normal.
12,tcp,ssh,S1,689,691,normal.
41,udp,ftp,S1,462,755,normal.
48,tcp,http,S0,345,954,normal.
59,tcp,ssh,SF,639,936,normal.
46,tcp,ssh,SF,995,137,normal.
31,icmp,http,S1,530,605,normal.
10,udp,ssh,S0,101,969,normal.
43,udp,ssh,S0,101,24,normal.
2,icmp,ftp,SF,192,616,normal.
40,udp,ssh,SF,714,883,normal.
32,udp,ftp,S0,272,514,normal.
45,udp,http,S1,337,249,normal.
7,icmp,ssh,S1,217,353,normal.
28,udp,http,S0,548,756,normal.
26,tcp,ssh,S0,773,499,normal.
42,icmp,http,SF,435,63,normal.
28,icmp,ftp,SF,3,951,normal.
37,udp,http,SF,132,907,normal.
18,tcp,http,S0,925,425,normal.
40,udp,ftp,S0,2,67,normal.
2,udp,http,S0,380,756,normal.
1,udp,ssh,S1,505,671,normal.
14,udp,ftp,SF,238,691,normal.
56,udp,http,S0,41,250,normal.
5,tcp,ssh,S0,351,482,normal.
19,udp,http,S0,615,43,normal.
10,tcp,ssh,SF,546,661,normal.
17,tcp,http,S1,926,300,normal.
45,udp,ssh,S1,879,989,normal.
6,udp,ssh,S0,94,676,normal.
23,icmp,ssh,S0,770,511,normal.
42,icmp,ftp,S0,750,296,normal.
19,icmp,ssh,S1,127,106,normal.
41,icmp,ssh,S1,57,164,normal.
51,icmp,http,SF,770,955,normal.
5,icmp,http,S1,848,953,normal.
48,icmp,ssh,S0,698,279,normal.
52,udp,ftp,S1,810,651,normal.
13,icmp,http,S0,217,866,normal.
17,udp,ssh,S0,731,96,normal.
50,icmp,ssh,S1,185,403,normal.
33,tcp,ftp,SF,152,45,normal.
52,icmp,ftp,S0,801,972,normal.
53,icmp,http,S1,754,330,normal.
28,icmp,ssh,S0,816,633,normal.
10,tcp,ssh,S1,779,485,normal.
30,icmp,ftp,S1,875,925,normal.
30,icmp,http,SF,947,741,normal.
18,udp,ssh,SF,266,209,normal.
14,udp,ssh,SF,643,355,normal.
10,tcp,ssh,S1,335,127,normal.
5,udp,http,S0,170,305,normal.
39,icmp,ftp,S0,191,650,normal.
12,udp,http,SF,860,862,normal.
10,udp,ssh,S0,527,252,normal.
45,udp,http,S0,796,35,normal.
50,icmp,ssh,S0,825,763,normal.
32,icmp,http,S1,822,526,normal.
41,udp,http,S0,578,636,normal.
10,icmp,ftp,SF,720,453,normal.
56,tcp,http,S0,8,623,normal.
16,udp,http,SF,327,890,normal.
38,udp,ssh,S1,336,670,normal.
37,tcp,ftp,S0,488,727,normal.
11,udp,ssh,S1,690,818,normal.
1,udp,ssh,S0,559,380,normal.
4,icmp,ssh,S1,545,958,normal.
10,icmp,ftp,S0,703,629,normal.
35,udp,ssh,S0,732,321,normal.
35,icmp,ssh,S1,935,579,normal.
22,icmp,ssh,S0,395,342,normal.
58,icmp,http,SF,953,776,normal.
38,icmp,ssh,S0,381,127,normal.
53,icmp,http,SF,980,374,normal.
14,tcp,http,S1,482,951,normal.
3,icmp,ftp,S1,976,919,normal.
7,icmp,ftp,S1,887,274,normal.
57,tcp,http,S0,557,187,normal.
21,udp,ssh,SF,432,828,normal.
33,tcp,http,S1,24,882,normal.
13,tcp,ssh,S1,804,474,normal.
26,tcp,ftp,S0,384,105,normal.
46,udp,ssh,S0,349,489,normal.
26,icmp,ftp,S0,976,792,normal.
25,tcp,ssh,SF,169,255,normal.
20,udp,ftp,S1,668,711,normal.
56,udp,ftp,SF,668,424,normal.
40,udp,ssh,S0,355,168,normal.
28,udp,http,S1,491,51,normal.
23,tcp,http,S0,688,140,normal.
36,tcp,ssh,SF,164,19,normal.
38,tcp,ftp,S0,51,464,normal.
37,icmp,http,SF,608,118,normal.
18,udp,ssh,S1,159,730,normal.
48,icmp,ssh,S0,443,812,normal.
28,tcp,http,S0,445,101,normal.
58,udp,http,S0,542,937,normal.
43,icmp,ssh,S1,830,356,normal.
27,udp,ssh,SF,980,620,normal.
13,tcp,http,S0,760,961,normal.
3,udp,ssh,S0,541,954,normal.
26,udp,ssh,S0,42,131,normal.
51,udp,ftp,S1,771,33,normal.
49,tcp,ftp,S1,837,258,normal.
26,tcp,http,SF,196,817,normal.
58,icmp,ssh,S1,769,468,normal.
52,tcp,ftp,S1,830,8,normal.
21,icmp,ftp,S0,521,606,normal.
10,udp,http,SF,373,14,normal.
23,tcp,http,S0,507,556,normal.
26,icmp,http,S1,153,581,normal.
47,tcp,ssh,S0,305,390,normal.
41,icmp,ssh,S0,803,596,normal.
10,icmp,ssh,SF,162,97,normal.
38,udp,ftp,S1,979,867,normal.
3,tcp,http,S1,33,515,normal.
4,udp,ssh,S0,821,122,normal.
47,tcp,ssh,S1,739,279,normal.
22,udp,ssh,S1,940,625,normal.
59,tcp,ftp,S1,894,257,normal.
5,udp,ftp,S1,465,697,normal.
44,icmp,ssh,S0,889,118,normal.
55,tcp,http,S0,125,983,normal.
36,tcp,ftp,S1,739,583,normal.
25,tcp,http,S1,961,9,normal.
59,icmp,ftp,SF,282,452,normal.
15,tcp,http,S0,358,299,normal.
59,icmp,ssh,S1,553,700,normal.
36,tcp,http,S0,476,171,normal.
32,tcp,ftp,S0,888,917,normal.
27,icmp,ssh,S0,539,579,normal.
59,udp,http,S0,211,326,normal.
53,tcp,ssh,S1,477,315,normal.
30,icmp,http,SF,546,940,normal.
33,tcp,http,SF,929,528,normal.
29,tcp,http,S0,136,105,normal.
46,udp,http,SF,128,579,normal.
19,icmp,http,S1,459,708,normal.
45,icmp,ftp,S0,779,749,normal.
24,icmp,ftp,S1,251,1,normal.
16,icmp,ssh,S0,844,938,normal.
44,udp,http,SF,245,246,normal.
30,udp,ftp,S0,888,830,normal.
40,tcp,ftp,S0,203,449,normal.
32,tcp,ftp,S0,876,166,normal.
7,udp,ssh,S0,368,563,normal.
24,udp,ssh,S1,55,84,normal.
11,tcp,http,SF,873,527,normal.
4,tcp,ftp,SF,30,737,normal.
43,icmp,http,SF,799,409,normal.
22,icmp,ftp,S0,661,533,normal.
38,udp,ssh,SF,729,798,normal.
22,udp,ftp,SF,539,743,normal.
35,tcp,ftp,S1,508,539,normal.
11,udp,http,S0,702,314,normal.
27,icmp,ftp,S1,982,729,normal.
43,icmp,http,SF,17,783,normal.
17,icmp,ftp,S0,290,458,normal.
49,udp,ftp,S1,62,425,normal.
52,udp,ftp,S0,427,532,normal.
42,tcp,ftp,S0,541,607,normal.
36,icmp,http,SF,199,946,normal.
34,udp,ssh,SF,918,13,normal.
32,icmp,ftp,S1,29,338,normal.
32,icmp,http,SF,798,170,normal.
22,tcp,http,S1,23,894,normal.
50,tcp,ftp,SF,19,296,normal.
40,icmp,ssh,S1,779,796,normal.
57,udp,http,S1,642,505,normal.
8,tcp,ftp,S0,614,723,normal.
10,icmp,http,S0,926,871,normal.
44,tcp,ftp,S0,372,156,normal.
46,icmp,ftp,SF,395,103,normal.
26,udp,http,S1,579,810,normal.
35,udp,ftp,S1,695,730,normal.
35,icmp,ssh,S0,601,494,normal.
51,tcp,http,S1,885,695,normal.
10,udp,ftp,SF,693,786,normal.
55,tcp,http,S0,645,528,normal.
39,udp,http,S0,712,56,normal.
29,udp,ftp,S0,31,18,normal.
50,udp,ssh,S1,138,549,normal.
21,tcp,ssh,SF,426,864,normal.
5,udp,http,S0,820,808,normal.
46,icmp,http,S0,995,382,normal.
58,icmp,ssh,S0,97,190,normal.
58,tcp,ftp,S1,234,61,normal.
50,icmp,http,SF,269,636,normal.
41,icmp,ssh,SF,163,343,normal.
25,udp,ssh,SF,73,289,normal.
39,udp,ssh,S0,347,434,normal.
3,icmp,http,SF,939,145,normal.
41,icmp,http,S0,377,812,normal.
50,tcp,ftp,SF,527,255,normal.
50,tcp,http,SF,247,540,normal.
20,tcp,ftp,SF,532,151,normal.
40,icmp,ftp,SF,59,699,normal.
39,icmp,http,S1,671,736,normal.
59,icmp,ftp,S0,431,286,normal.
58,udp,ssh,S1,509,468,normal.
25,udp,http,S0,956,825,normal.
11,udp,http,S1,921,369,normal.
52,icmp,ssh,SF,558,564,normal.
35,tcp,ssh,SF,631,457,normal.
53,icmp,ssh,S0,164,342,normal.
35,icmp,ftp,S0,236,400,normal.
41,icmp,http,S1,612,417,normal.
52,tcp,ssh,SF,877,686,normal.
2,udp,http,SF,646,1,normal.
56,udp,ssh,S1,309,336,normal.
33,udp,ssh,SF,675,83,normal.
9,icmp,ssh,S1,105,230,normal.
43,tcp,http,SF,36,295,normal.
40,icmp,http,S0,292,237,normal.
47,icmp,ssh,S0,591,666,normal.
15,tcp,ftp,SF,251,618,normal.
49,icmp,http,S0,429,440,normal.
8,tcp,ftp,S0,563,940,normal.
4,icmp,ftp,S1,830,501,normal.
13,tcp,ftp,SF,426,223,normal.
34,icmp,ftp,SF,213,634,normal.
6,icmp,ssh,S0,406,857,normal.
18,icmp,ssh,S1,353,365,normal.
36,udp,ssh,S0,559,232,normal.
5,tcp,ftp,S0,542,630,normal.
15,udp,ssh,SF,468,176,normal.
31,tcp,ssh,S0,629,140,normal.
42,icmp,ssh,S0,345,484,normal.
40,icmp,ftp,S1,548,79,normal.
6,tcp,ftp,SF,527,300,normal.
4,udp,http,S0,315,67,normal.
8,udp,http,S0,712,962,normal.
33,udp,ssh,S0,433,333,normal.
16,udp,ftp,S1,796,446,normal.
24,tcp,ftp,S0,277,951,normal.
21,tcp,http,SF,517,589,normal.
23,udp,http,S1,581,17,normal.
58,tcp,http,S0,123,205,normal.
42,icmp,ftp,S0,408,756,normal.
12,udp,ftp,S1,110,798,normal.
50,udp,ftp,SF,986,67,normal.
5,tcp,ftp,S0,487,739,normal.
46,udp,ssh,S1,402,170,normal.
42,udp,ftp,S0,61,622,normal.
46,tcp,http,SF,82,858,normal.
17,udp,ftp,SF,930,228,normal.
3,udp,ftp,S1,999,317,normal.
11,udp,ftp,SF,978,395,normal.
31,tcp,http,S1,602,798,normal.
8,icmp,ssh,S0,776,608,normal.
11,icmp,ftp,S1,427,683,normal.
46,tcp,http,S0,313,571,normal.
51,icmp,http,S0,535,658,normal.
7,udp,http,S1,63,447,normal.
34,udp,http,SF,550,892,normal.
21,udp,ssh,S0,318,272,normal.
2,udp,http,SF,41,532,normal.
54,icmp,ftp,S0,754,398,normal.
1,tcp,ssh,S1,206,176,normal.
9,icmp,ssh,SF,53,41,normal.
5,tcp,http,SF,317,324,normal.
40,udp,http,S1,576,405,normal.
54,tcp,http,SF,796,564,normal.
54,udp,http,S0,851,76,normal.
55,tcp,ftp,S1,13,63,normal.
6,icmp,ftp,S0,150,749,normal.
19,udp,http,S0,285,44,normal.
19,icmp,http,S0,776,232,normal.
5,icmp,http,SF,239,569,normal.
13,udp,ftp,S1,803,19,normal.
10,icmp,ssh,SF,272,971,normal.
13,icmp,ftp,S1,44,428,normal.
0,icmp,http,S1,278,455,normal.
26,udp,ftp,S0,389,901,normal.
25,udp,ftp,S0,10550,796,attack.
45,icmp,ssh,S1,10004,545,attack.
57,icmp,http,S1,10486,472,attack.
28,icmp,ssh,S1,10620,149,attack.
58,icmp,ftp,S1,10530,722,attack.
33,tcp,ssh,SF,10698,925,attack.
7,icmp,http,SF,10549,593,attack.
36,tcp,ftp,SF,10911,240,attack.
41,udp,http,S1,10917,662,attack.
57,icmp,ssh,S1,10919,378,attack.
6,udp,http,S1,10504,846,attack.
59,udp,http,S0,10758,122,attack.
26,icmp,http,S0,10689,793,attack.
56,icmp,http,S1,10622,248,attack.
22,tcp,http,SF,10951,870,attack.
40,tcp,ssh,S1,10979,353,attack.
34,udp,ftp,SF,10918,960,attack.
42,tcp,ftp,SF,10711,235,attack.
19,tcp,http,S1,10931,226,attack.
27,icmp,http,SF,10366,123,attack.
9,udp,ftp,S0,10873,447,attack.
0,icmp,ssh,S0,10338,220,attack.
18,icmp,http,S1,10666,834,attack.
4,tcp,http,SF,10278,332,attack.
3,tcp,http,SF,10525,562,attack.
51,icmp,ftp,S0,10824,986,attack.
58,udp,http,S0,10365,288,attack.
5,tcp,ftp,SF,10516,829,attack.
21,tcp,http,S1,10824,852,attack.
39,icmp,ftp,SF,10547,525,attack.
53,udp,ftp,SF,10250,809,attack.
51,icmp,ssh,S0,10745,39,attack.
30,udp,http,S0,10952,174,attack.
54,tcp,ftp,SF,10535,505,attack.
10,icmp,ssh,S1,10776,697,attack.
10,udp,ftp,SF,10870,184,attack.
3,udp,ssh,SF,10877,604,attack.
40,udp,ssh,SF,10739,678,attack.
24,udp,ftp,S0,10142,90,attack.
6,icmp,ssh,S0,10815,735,attack.
53,tcp,http,S1,10814,763,attack.
20,udp,ssh,S1,10452,270,attack.
36,tcp,ssh,S0,10558,735,attack.
33,icmp,ftp,S0,10029,180,attack.
44,icmp,http,S1,10393,85,attack.
36,udp,ftp,S1,10058,70,attack.
49,udp,ftp,S0,10779,618,attack.
37,icmp,ssh,S1,10467,346,attack.
34,tcp,ftp,S0,10749,893,attack.
4,udp,http,S0,10225,128,attack.
41,tcp,ftp,SF,10189,846,attack.
2,tcp,ftp,S0,10396,955,attack.
48,udp,ssh,S1,10209,914,attack.
57,udp,http,S0,10290,834,attack.
4,tcp,http,SF,10986,468,attack.
31,tcp,http,SF,10418,703,attack.
19,udp,http,SF,10175,250,attack.
4,tcp,http,SF,10868,385,attack.
55,icmp,ftp,SF,10966,71,attack.
52,icmp,http,SF,10173,84,attack.
11,udp,http,S0,10616,223,attack.
40,icmp,http,S0,10737,802,attack.
40,udp,http,SF,10502,513,attack.
18,udp,http,S0,10610,547,attack.
13,udp,http,S1,10857,640,attack.
4,udp,ftp,S1,10559,44,attack.
44,udp,ftp,S1,10647,955,attack.
52,tcp,ssh,S1,10610,88,attack.
1,tcp,ssh,SF,10088,182,attack.
31,tcp,ssh,SF,10792,10,attack.
29,icmp,http,S0,10028,606,attack.
58,udp,ssh,S0,10301,22,attack.
38,tcp,http,S1,10311,772,attack.
34,tcp,http,S1,10020,21,attack.
0,tcp,ftp,S0,10293,121,attack.
38,udp,ssh,SF,10680,829,attack.
58,icmp,ftp,S1,10595,936,attack.
21,udp,http,S1,10347,713,attack.
2,tcp,ftp,S1,10650,437,attack.
25,icmp,ssh,S1,10976,796,attack.
14,udp,ftp,S0,10429,890,attack.
2,tcp,ftp,SF,10125,782,attack.
11,icmp,ftp,S0,10140,28,attack.
9,icmp,ftp,S0,10015,153,attack.
23,tcp,ftp,S0,10863,451,attack.
1,tcp,ftp,SF,10498,205,attack.
38,icmp,http,S1,10783,408,attack.
41,icmp,http,S1,10057,930,attack.
10,icmp,ssh,S0,10933,570,attack.
30,tcp,ftp,SF,10441,838,attack.
58,icmp,ftp,SF,10593,94,attack.
41,udp,http,S1,10817,710,attack.
1,icmp,http,SF,10715,602,attack.
5,tcp,http,SF,10402,775,attack.
53,icmp,ftp,S1,10191,402,attack.
59,icmp,ftp,SF,10323,529,attack.
33,udp,ftp,SF,10185,68,attack.
35,icmp,http,S1,10651,632,attack.
42,icmp,ssh,SF,10124,854,attack.
28,icmp,http,S0,10383,806,attack.
